first_name,last_name,email,contact_no
kumar mayank,verma,ankverma1122@gmail.com,9955716368
hitoishi ,das,hitoishi22@gmail.com,8291675222
mridul,parakh,parakh54@gmail.com,9463125784
Abhishek,Kumar,abhi@gmail.com,8254316547
Aditya,rai,raiaditya97@gmail.com,9476326745